CREATE TABLE CATEGORIE (NOM VARCHAR(20) NOT NULL, IMAGE VARCHAR(200), DESCRIPTION VARCHAR(200), PRIMARY KEY (NOM));
INSERT INTO APP.CATEGORIE (NOM, IMAGE, DESCRIPTION) VALUES ('Chien', NULL, 'Canidé, mamifére domestique à 4 pattes carnivore et un un peu omnivore.');
INSERT INTO APP.CATEGORIE (NOM, IMAGE, DESCRIPTION) VALUES ('Chat', NULL, 'Felin, mamifére à 4 pattes carnivore');
INSERT INTO APP.CATEGORIE (NOM, IMAGE, DESCRIPTION) VALUES ('Oiseau', NULL, 'Oiseau, vertébré ovipare couvert de plume à sang chaud');
INSERT INTO APP.CATEGORIE (NOM, IMAGE, DESCRIPTION) VALUES ('Reptile', NULL, 'blabla');

CREATE TABLE RACE (NOM VARCHAR(30) NOT NULL, CATEGORIE_NOM VARCHAR(30) NOT NULL, IMAGE VARCHAR(200), DESCRIPTION VARCHAR(200), PRIMARY KEY (NOM));
INSERT INTO APP.RACE (NOM, CATEGORIE_NOM, IMAGE, DESCRIPTION) VALUES ('Tervueren', 'Chien', NULL, 'Berger belge');
INSERT INTO APP.RACE (NOM, CATEGORIE_NOM, IMAGE, DESCRIPTION) VALUES ('Chat européen', 'Chat', NULL, 'Chat courant en europe');
INSERT INTO APP.RACE (NOM, CATEGORIE_NOM, IMAGE, DESCRIPTION) VALUES ('Angora', 'Chat', NULL, 'Chat poilu');
INSERT INTO APP.RACE (NOM, CATEGORIE_NOM, IMAGE, DESCRIPTION) VALUES ('Persan', 'Chat', NULL, 'Chat courant en europe');
INSERT INTO APP.RACE (NOM, CATEGORIE_NOM, IMAGE, DESCRIPTION) VALUES ('Pithon', 'Reptile', NULL, 'Gros serpent');
INSERT INTO APP.RACE (NOM, CATEGORIE_NOM, IMAGE, DESCRIPTION) VALUES ('Ara', 'Oiseau', NULL, 'Oiseau des mers du sud');
INSERT INTO APP.RACE (NOM, CATEGORIE_NOM, IMAGE, DESCRIPTION) VALUES ('Berger Allemand', 'Chien', NULL, 'Chien ');

CREATE TABLE PERSONNE (IDENTIFIANT DECIMAL(5) NOT NULL, LOGIN VARCHAR(20) NOT NULL,PWD VARCHAR(10) NOT NULL, NOM VARCHAR(30) NOT NULL, PRENOM VARCHAR(30) NOT NULL, DESIGNATION CHAR(4) NOT NULL, SEXE CHAR(1), DATEDENAISSANCE DATE, ADRESSE VARCHAR(200), CODEPOSTAL VARCHAR(8), VILLE VARCHAR(20), PAYS VARCHAR(20), TELEPHONE VARCHAR(20), TELEPHONEPORTABLE VARCHAR(20), EMAIL VARCHAR(100), NOMBREDECONNEXION DECIMAL(15) NOT NULL, DERNIERECONNEXION DATE NOT NULL, PRIMARY KEY (IDENTIFIANT));
INSERT INTO APP.PERSONNE (IDENTIFIANT, LOGIN, PWD, NOM, PRENOM, DESIGNATION, SEXE, DATEDENAISSANCE, ADRESSE, CODEPOSTAL, VILLE, PAYS, TELEPHONE, TELEPHONEPORTABLE, EMAIL, NOMBREDECONNEXION, DERNIERECONNEXION) VALUES (1, 'John', 'mdp', 'Krieg', 'John', 'Mr', 'M', '2010-12-23', '26 route du CNAM', '74000', 'Annemasse', 'fr', '+33 4 44 44 44 44', '+33 6 55 55 55 55', 'jkrieg@mm', 0, '2010-12-23');
INSERT INTO APP.PERSONNE (IDENTIFIANT, LOGIN, PWD, NOM, PRENOM, DESIGNATION, SEXE, DATEDENAISSANCE, ADRESSE, CODEPOSTAL, VILLE, PAYS, TELEPHONE, TELEPHONEPORTABLE, EMAIL, NOMBREDECONNEXION, DERNIERECONNEXION) VALUES (2, 'xof', 'mdp', 'Leturque', 'Christophe', 'Mr', 'M', '2010-12-23', '32 avenue des Animaux', '01630', 'St Genis Pouilly', 'fr', '+33 4 55 55 55 55', '+33 6 55 55 55 55', 'xof@mm', 0, '2010-12-23');


CREATE TABLE ANIMAL (IDENTIFIANT DECIMAL(15) NOT NULL, NUMEROREGISTRE VARCHAR(30), NOM VARCHAR(30) NOT NULL, SEXE CHAR(1) NOT NULL, DATEDENAISSANCE DATE, DATEDECES DATE, DESCRIPTION VARCHAR(200), PROPRIETAIRE VARCHAR(20), NOM_RACE VARCHAR(30), IMAGE VARCHAR(200), TARIF DOUBLE, PRIMARY KEY (IDENTIFIANT));

INSERT INTO APP.ANIMAL (IDENTIFIANT, NUMEROREGISTRE, NOM, SEXE, DATEDENAISSANCE, DATEDECES, DESCRIPTION, PROPRIETAIRE, NOM_RACE, IMAGE, TARIF) VALUES (1, '001', 'Elfy', 'F', '2009-11-12', '2010-12-05', 'Gentille tervueren très attachante, aime bien les chats', 'kiki', 'Tervueren', 'http://img59.imageshack.us/img59/6797/elfybebe.jpg', 500.0);
INSERT INTO APP.ANIMAL (IDENTIFIANT, NUMEROREGISTRE, NOM, SEXE, DATEDENAISSANCE, DATEDECES, DESCRIPTION, PROPRIETAIRE, NOM_RACE, IMAGE, TARIF) VALUES (2, '002', 'Felix', 'M', '2004-10-05', '2010-12-05', 'Attrappe et mange les souris et un peu les oiseaux', 'gaby', 'Chat européen', 'http://img64.imageshack.us/img64/5654/p101001801.jpg', 100.0);
INSERT INTO APP.ANIMAL (IDENTIFIANT, NUMEROREGISTRE, NOM, SEXE, DATEDENAISSANCE, DATEDECES, DESCRIPTION, PROPRIETAIRE, NOM_RACE, IMAGE, TARIF) VALUES (3, '003', 'Chipie', 'F', '2007-05-31', '2010-12-05', 'Ecaille de tortue, attrape les oiseaux et les souris mais ne les mange pas', 'gaby', 'Chat européen', 'http://img638.imageshack.us/img638/3682/p10202850.jpg', 100.0);
INSERT INTO APP.ANIMAL (IDENTIFIANT, NUMEROREGISTRE, NOM, SEXE, DATEDENAISSANCE, DATEDECES, DESCRIPTION, PROPRIETAIRE, NOM_RACE, IMAGE, TARIF) VALUES (4, '004', 'Obix', 'M', '2005-10-12', '2010-12-08', 'Tervueren imposant plus de 40 kg', 'Anne', 'Tervueren', 'http://img384.imageshack.us/img384/7596/obixqq1.th.jpg', 300.0);
INSERT INTO APP.ANIMAL (IDENTIFIANT, NUMEROREGISTRE, NOM, SEXE, DATEDENAISSANCE, DATEDECES, DESCRIPTION, PROPRIETAIRE, NOM_RACE, IMAGE, TARIF) VALUES (5, '005', 'Minette', 'M', '2005-10-12', '2010-01-11', 'Issue d''une portée trés typée de 5 chatons.', 'Robert', 'Persan', 'http://farm6.static.flickr.com/5003/5247624922_a0caf6aa68.jpg', 250.0);
INSERT INTO APP.ANIMAL (IDENTIFIANT, NUMEROREGISTRE, NOM, SEXE, DATEDENAISSANCE, DATEDECES, DESCRIPTION, PROPRIETAIRE, NOM_RACE, IMAGE, TARIF) VALUES (6, '006', 'Fripouille', 'M', '2005-10-12', '2007-03-07', 'Doucette de Montcourt, la maman & Vif Argent des Amboises, le papa. (Gr. Ch. In.)', 'john', 'Angora', 'http://farm6.static.flickr.com/5203/5247624504_b0b5d923b4.jpg', 250.0);
INSERT INTO APP.ANIMAL (IDENTIFIANT, NUMEROREGISTRE, NOM, SEXE, DATEDENAISSANCE, DATEDECES, DESCRIPTION, PROPRIETAIRE, NOM_RACE, IMAGE, TARIF) VALUES (7, '007', 'Choupinette', 'M', '2005-10-12', '2000-09-02', 'Adorable petite boule de poils disponible dés le 3 novembre. Il s''agit de Forever du royaume d''olympe une femelle persan calico diluée LOOF', 'Anne', 'Persan', 'http://farm6.static.flickr.com/5283/5247624828_f8ee1c316f_m.jpg', 250.0);
INSERT INTO APP.ANIMAL (IDENTIFIANT, NUMEROREGISTRE, NOM, SEXE, DATEDENAISSANCE, DATEDECES, DESCRIPTION, PROPRIETAIRE, NOM_RACE, IMAGE, TARIF) VALUES (8, '008', 'Pithonos', 'M', '2005-10-12', '1999-10-21', 'mange trés bien souris adulte morte ou vivante', 'Anne', 'Pithon', 'http://farm6.static.flickr.com/5130/5247625220_1ee623d590_m.jpg', 450.0);
INSERT INTO APP.ANIMAL (IDENTIFIANT, NUMEROREGISTRE, NOM, SEXE, DATEDENAISSANCE, DATEDECES, DESCRIPTION, PROPRIETAIRE, NOM_RACE, IMAGE, TARIF) VALUES (9, '009', 'Rococo', 'M', '2005-10-12', '2009-11-24', 'ils sont très sociables, en excellente santés, très affectueuses et calmes. ils ont 6 mois et près a partir pour une nouvelle maison, ils sont vaccinés, bagués et apprivoisés a un prix très abordable ', 'Annie', 'Ara', 'http://farm6.static.flickr.com/5087/5247024201_246a287c4c.jpg', 150.0);
INSERT INTO APP.ANIMAL (IDENTIFIANT, NUMEROREGISTRE, NOM, SEXE, DATEDENAISSANCE, DATEDECES, DESCRIPTION, PROPRIETAIRE, NOM_RACE, IMAGE, TARIF) VALUES (10, '010', 'Rex', 'M', '2010-10-07', '2010-12-13', 'Très affectueux aime les enfants et les chats', '', 'Berger Allemand', 'http://farm6.static.flickr.com/5042/5258335641_97293b59b3_m.jpg', 550.0);
